{
  "generatedBy": "Microsoft.NET.Sdk.Functions.Generator-4.1.1",
  "configurationSource": "attributes",
  "bindings": [
    {
      "type": "httpTrigger",
      "route": "api/certificate/{certificateName}/renew",
      "methods": [
        "post"
      ],
      "authLevel": "anonymous",
      "name": "req"
    },
    {
      "type": "durableClient",
      "externalClient": false,
      "name": "starter"
    }
  ],
  "disabled": false,
  "scriptFile": "../bin/KeyVault.Acmebot.dll",
  "entryPoint": "KeyVault.Acmebot.Functions.RenewCertificate.HttpStart"
}